city_key,city,neighborhood_key,neighborhood,listings,analyzable,activity_sum,activity_mean,latitude,longitude,coverage,activity_per_listing,rank_high,rank_low
london,Londres,london:barking and dagenham,Barking and Dagenham,372,372,276.2,0.7424731182795699,51.540445000000005,0.113375,1.0,0.7424731182795699,24.0,10.0
london,Londres,london:barnet,Barnet,1659,1659,1155.26,0.6963592525617842,51.59551,-0.20303,1.0,0.6963592525617842,30.0,4.0
london,Londres,london:bexley,Bexley,269,269,118.49,0.44048327137546467,51.47313,0.1331,1.0,0.44048327137546467,33.0,1.0
london,Londres,london:brent,Brent,2561,2561,2401.31,0.9376454509957047,51.54383,-0.22764,1.0,0.9376454509957047,9.0,25.0
london,Londres,london:bromley,Bromley,679,679,479.22,0.7057731958762887,51.40711,0.00447,1.0,0.7057731958762887,28.0,6.0
london,Londres,london:camden,Camden,5972,5972,6971.46,1.167357669122572,51.53909,-0.13942,1.0,1.167357669122572,2.0,32.0
london,Londres,london:enfield,Enfield,673,673,415.49,0.617369985141159,51.63313,-0.08183,1.0,0.617369985141159,31.0,3.0
london,Londres,london:hackney,Hackney,6276,6276,4417.69,0.7039021669853409,51.54502,-0.0721,1.0,0.7039021669853409,29.0,5.0
london,Londres,london:hammersmith and fulham,Hammersmith and Fulham,4210,4210,3949.46,0.9381140142517815,51.489275,-0.2128,1.0,0.9381140142517815,8.0,26.0
london,Londres,london:harrow,Harrow,491,491,356.44,0.7259470468431772,51.58799,-0.33816,1.0,0.7259470468431772,27.0,7.0
london,Londres,london:hillingdon,Hillingdon,668,668,820.16,1.2277844311377244,51.518595,-0.445045,1.0,1.2277844311377244,1.0,33.0
london,Londres,london:hounslow,Hounslow,1030,1030,1004.17,0.9749223300970873,51.482730000000004,-0.31309,1.0,0.9749223300970873,7.0,27.0
london,Londres,london:lambeth,Lambeth,4854,4854,4923.66,1.0143510506798517,51.465445,-0.11879500000000001,1.0,1.0143510506798517,6.0,28.0
london,Londres,london:lewisham,Lewisham,2296,2296,1668.44,0.7266724738675958,51.460535,-0.030664999999999998,1.0,0.7266724738675958,26.0,8.0
london,Londres,london:merton,Merton,1357,1357,827.17,0.6095578481945467,51.41687,-0.19826,1.0,0.6095578481945467,32.0,2.0
london,Londres,london:newham,Newham,1960,1960,1816.48,0.9267755102040817,51.532305,0.019165,1.0,0.9267755102040817,10.0,24.0
london,Londres,london:southwark,Southwark,4893,4893,5044.08,1.0308767627222564,51.49199,-0.08082,1.0,1.0308767627222564,4.0,30.0
london,Londres,london:sutton,Sutton,306,306,226.32,0.7396078431372549,51.365224999999995,-0.18723,1.0,0.7396078431372549,25.0,9.0
london,Londres,london:tower hamlets,Tower Hamlets,8246,8246,8446.82,1.024353626000485,51.51851,-0.054860000000000006,1.0,1.024353626000485,5.0,29.0
london,Londres,london:westminster,Westminster,9588,9588,10647.54,1.1105068836045058,51.515185,-0.16449999999999998,1.0,1.1105068836045058,3.0,31.0
madrid,Madrid,madrid:alameda de osuna,Alameda de Osuna,50,50,75.58,1.5116,40.45513,-3.5915749999999997,1.0,1.5116,2.0,98.0
madrid,Madrid,madrid:buenavista,Buenavista,70,70,14.530000000000001,0.2075714285714286,40.367509999999996,-3.757155,1.0,0.2075714285714286,96.0,4.0
madrid,Madrid,madrid:casco histórico de barajas,Casco Histórico de Barajas,38,38,96.53,2.540263157894737,40.47352,-3.57876,1.0,2.540263157894737,1.0,99.0
madrid,Madrid,madrid:ciudad universitaria,Ciudad Universitaria,79,79,13.61,0.17227848101265822,40.45718,-3.71909,1.0,0.17227848101265822,98.0,2.0
madrid,Madrid,madrid:cortes,Cortes,880,880,1005.35,1.142443181818182,40.414165,-3.6983249999999996,1.0,1.142443181818182,7.0,93.0
madrid,Madrid,madrid:embajadores,Embajadores,2318,2318,2676.87,1.1548188093183778,40.40991,-3.703035,1.0,1.1548188093183778,6.0,94.0
madrid,Madrid,madrid:hellín,Hellín,31,31,7.43,0.2396774193548387,40.43132,-3.61652,1.0,0.2396774193548387,95.0,5.0
madrid,Madrid,madrid:jerónimos,Jerónimos,108,108,113.53,1.0512037037037036,40.4139,-3.6882900000000003,1.0,1.0512037037037036,10.0,90.0
madrid,Madrid,madrid:la paz,La Paz,31,31,8.32,0.26838709677419353,40.48111,-3.70129,1.0,0.26838709677419353,91.0,9.0
madrid,Madrid,madrid:legazpi,Legazpi,54,54,58.58,1.0848148148148147,40.38964,-3.69224,1.0,1.0848148148148147,9.0,91.0
madrid,Madrid,madrid:mirasierra,Mirasierra,40,40,10.28,0.257,40.491465,-3.71913,1.0,0.257,93.0,7.0
madrid,Madrid,madrid:palomeras sureste,Palomeras Sureste,45,45,13.030000000000001,0.28955555555555557,40.38522,-3.64185,1.0,0.28955555555555557,90.0,10.0
madrid,Madrid,madrid:palos de moguer,Palos de Moguer,337,337,374.71,1.1118991097922848,40.40402,-3.69352,1.0,1.1118991097922848,8.0,92.0
madrid,Madrid,madrid:piovera,Piovera,31,31,42.57,1.373225806451613,40.45651,-3.64354,1.0,1.373225806451613,3.0,97.0
madrid,Madrid,madrid:pradolongo,Pradolongo,37,37,6.11,0.16513513513513514,40.38168,-3.70735,1.0,0.16513513513513514,99.0,1.0
madrid,Madrid,madrid:rosas,Rosas,80,80,15.57,0.194625,40.428070000000005,-3.605585,1.0,0.194625,97.0,3.0
madrid,Madrid,madrid:san andrés,San Andrés,50,50,12.24,0.24480000000000002,40.343435,-3.7085049999999997,1.0,0.24480000000000002,94.0,6.0
madrid,Madrid,madrid:sol,Sol,1125,1125,1391.13,1.23656,40.41707,-3.70428,1.0,1.23656,4.0,96.0
madrid,Madrid,madrid:timón,Timón,59,59,68.23,1.1564406779661018,40.47165,-3.58592,1.0,1.1564406779661018,5.0,95.0
madrid,Madrid,madrid:vallehermoso,Vallehermoso,88,88,22.77,0.25875,40.44113,-3.709105,1.0,0.25875,92.0,8.0
milan,Milán,milan:baggio,BAGGIO,46,46,16.05,0.3489130434782609,45.46132,9.089965,1.0,0.3489130434782609,56.0,9.0
milan,Milán,milan:brera,BRERA,713,713,501.18,0.7029172510518934,45.47565,9.18616,1.0,0.7029172510518934,4.0,61.0
milan,Milán,milan:buenos aires - venezia,BUENOS AIRES - VENEZIA,1373,1373,938.88,0.6838164603058995,45.47758,9.21189,1.0,0.6838164603058995,5.0,60.0
milan,Milán,milan:centrale,CENTRALE,689,689,768.8100000000001,1.115834542815675,45.4865,9.20441,1.0,1.115834542815675,1.0,64.0
milan,Milán,milan:duomo,DUOMO,1003,1003,932.17,0.9293818544366899,45.46213,9.18671,1.0,0.9293818544366899,2.0,63.0
milan,Milán,milan:ex om - morivione,EX OM - MORIVIONE,105,105,23.61,0.22485714285714284,45.43997,9.19573,1.0,0.22485714285714284,64.0,1.0
milan,Milán,milan:giambellino,GIAMBELLINO,321,321,113.38,0.353208722741433,45.45027,9.14842,1.0,0.353208722741433,55.0,10.0
milan,Milán,milan:greco,GRECO,131,131,89.16,0.6806106870229007,45.50263,9.20749,1.0,0.6806106870229007,6.0,59.0
milan,Milán,milan:lorenteggio,LORENTEGGIO,64,64,17.43,0.27234375,45.45515,9.124044999999999,1.0,0.27234375,63.0,2.0
milan,Milán,milan:maciachini - maggiolina,MACIACHINI - MAGGIOLINA,265,265,190.0,0.7169811320754716,45.49734,9.19785,1.0,0.7169811320754716,3.0,62.0
milan,Milán,milan:maggiore - musocco,MAGGIORE - MUSOCCO,66,66,44.410000000000004,0.672878787878788,45.504355000000004,9.123315,1.0,0.672878787878788,8.0,57.0
milan,Milán,milan:navigli,NAVIGLI,875,875,552.34,0.6312457142857143,45.45073,9.17184,1.0,0.6312457142857143,10.0,55.0
milan,Milán,milan:ortomercato,ORTOMERCATO,43,43,14.149999999999999,0.32906976744186045,45.45406,9.22547,1.0,0.32906976744186045,59.0,6.0
milan,Milán,milan:parco forlanini - ortica,PARCO FORLANINI - ORTICA,43,43,14.71,0.342093023255814,45.46965,9.24602,1.0,0.342093023255814,57.0,8.0
milan,Milán,milan:parco lambro - cimiano,PARCO LAMBRO - CIMIANO,160,160,54.46,0.340375,45.492975,9.239145,1.0,0.340375,58.0,7.0
milan,Milán,milan:rogoredo,ROGOREDO,35,35,10.69,0.30542857142857144,45.43451,9.24399,1.0,0.30542857142857144,61.0,4.0
milan,Milán,milan:ronchetto sul naviglio,RONCHETTO SUL NAVIGLIO,96,96,27.56,0.2870833333333333,45.441605,9.142365,1.0,0.2870833333333333,62.0,3.0
milan,Milán,milan:scalo romana,SCALO ROMANA,137,137,43.45,0.31715328467153286,45.44049,9.21015,1.0,0.31715328467153286,60.0,5.0
milan,Milán,milan:selinunte,SELINUNTE,147,147,97.57000000000001,0.6637414965986395,45.47038,9.14092,1.0,0.6637414965986395,9.0,56.0
milan,Milán,milan:ticinese,TICINESE,749,749,507.81,0.6779839786381843,45.45155,9.17974,1.0,0.6779839786381843,7.0,58.0
new_york,Nueva York,new_york:battery park city,Battery Park City,70,70,24.32,0.3474285714285714,40.710115,-74.01683,1.0,0.3474285714285714,115.0,1.0
new_york,Nueva York,new_york:civic center,Civic Center,52,52,23.27,0.4475,40.71329,-74.00450000000001,1.0,0.4475,114.0,2.0
new_york,Nueva York,new_york:downtown brooklyn,Downtown Brooklyn,83,83,54.32,0.6544578313253012,40.69467,-73.98444,1.0,0.6544578313253012,109.0,7.0
new_york,Nueva York,new_york:east elmhurst,East Elmhurst,185,185,824.73,4.458,40.76275,-73.87712,1.0,4.458,1.0,115.0
new_york,Nueva York,new_york:fort hamilton,Fort Hamilton,55,55,37.99,0.6907272727272727,40.61859,-74.0319,1.0,0.6907272727272727,108.0,8.0
new_york,Nueva York,new_york:fresh meadows,Fresh Meadows,32,32,84.7,2.646875,40.738595000000004,-73.79057,1.0,2.646875,5.0,111.0
new_york,Nueva York,new_york:jamaica,Jamaica,231,231,604.56,2.617142857142857,40.68462,-73.78541,1.0,2.617142857142857,6.0,110.0
new_york,Nueva York,new_york:midwood,Midwood,109,109,75.7,0.6944954128440367,40.62017,-73.96029,1.0,0.6944954128440367,107.0,9.0
new_york,Nueva York,new_york:mott haven,Mott Haven,60,60,128.57,2.1428333333333334,40.81085,-73.92037,1.0,2.1428333333333334,10.0,106.0
new_york,Nueva York,new_york:murray hill,Murray Hill,485,485,314.26,0.6479587628865979,40.74775,-73.97593,1.0,0.6479587628865979,110.0,6.0
new_york,Nueva York,new_york:noho,NoHo,78,78,49.72,0.6374358974358975,40.726820000000004,-73.99301,1.0,0.6374358974358975,111.0,5.0
new_york,Nueva York,new_york:queens village,Queens Village,60,60,161.04,2.6839999999999997,40.71306,-73.74350000000001,1.0,2.6839999999999997,4.0,112.0
new_york,Nueva York,new_york:richmond hill,Richmond Hill,94,94,214.73,2.2843617021276597,40.694464999999994,-73.828945,1.0,2.2843617021276597,8.0,108.0
new_york,Nueva York,new_york:rosedale,Rosedale,59,59,136.7,2.3169491525423727,40.65792,-73.73432,1.0,2.3169491525423727,7.0,109.0
new_york,Nueva York,new_york:south ozone park,South Ozone Park,40,40,120.78999999999999,3.0197499999999997,40.672655,-73.796785,1.0,3.0197499999999997,3.0,113.0
new_york,Nueva York,new_york:springfield gardens,Springfield Gardens,85,85,356.42,4.193176470588235,40.66509,-73.76345,1.0,4.193176470588235,2.0,114.0
new_york,Nueva York,new_york:st. albans,St. Albans,76,76,173.58,2.2839473684210527,40.69529,-73.762365,1.0,2.2839473684210527,9.0,107.0
new_york,Nueva York,new_york:stuyvesant town,Stuyvesant Town,37,37,25.86,0.6989189189189189,40.73182,-73.97857,1.0,0.6989189189189189,106.0,10.0
new_york,Nueva York,new_york:tribeca,Tribeca,177,177,91.84,0.5188700564971752,40.71785,-74.00694,1.0,0.5188700564971752,113.0,3.0
new_york,Nueva York,new_york:vinegar hill,Vinegar Hill,34,34,21.57,0.6344117647058823,40.701505,-73.98335,1.0,0.6344117647058823,112.0,4.0
sydney,Sídney,sydney:auburn,Auburn,469,468,862.7,1.8433760683760685,-33.84714136756824,151.0736512534,0.997867803837953,1.8433760683760685,1.0,37.0
sydney,Sídney,sydney:botany bay,Botany Bay,600,600,629.81,1.0496833333333333,-33.9280687767113,151.19466790677396,1.0,1.0496833333333333,6.0,32.0
sydney,Sídney,sydney:fairfield,Fairfield,76,76,84.38,1.1102631578947368,-33.88086631464884,150.936762688098,1.0,1.1102631578947368,5.0,33.0
sydney,Sídney,sydney:holroyd,Holroyd,125,125,67.47,0.53976,-33.82530983752309,150.97602848772354,1.0,0.53976,31.0,7.0
sydney,Sídney,sydney:hornsby,Hornsby,391,391,344.76,0.8817391304347826,-33.71645991688288,151.08787333218336,1.0,0.8817391304347826,10.0,28.0
sydney,Sídney,sydney:ku-ring-gai,Ku-Ring-Gai,340,338,213.82,0.632603550295858,-33.75255234470148,151.15668173523758,0.9941176470588236,0.632603550295858,29.0,9.0
sydney,Sídney,sydney:lane cove,Lane Cove,289,289,188.83,0.6533910034602076,-33.81941713004474,151.17398483377764,1.0,0.6533910034602076,28.0,10.0
sydney,Sídney,sydney:manly,Manly,1800,1793,877.77,0.4895538204127161,-33.79661940832992,151.2838190513826,0.9961111111111111,0.4895538204127161,33.0,5.0
sydney,Sídney,sydney:mosman,Mosman,534,531,282.69,0.5323728813559322,-33.82662389138636,151.24234728119688,0.9943820224719101,0.5323728813559322,32.0,6.0
sydney,Sídney,sydney:parramatta,Parramatta,520,518,475.79,0.9185135135135135,-33.81257350333724,151.00910889514103,0.9961538461538462,0.9185135135135135,9.0,29.0
sydney,Sídney,sydney:penrith,Penrith,132,132,179.75,1.3617424242424243,-33.760550399220904,150.71134262516858,1.0,1.3617424242424243,2.0,36.0
sydney,Sídney,sydney:randwick,Randwick,3346,3333,1461.92,0.4386198619861986,-33.92040506695558,151.2482174810176,0.9961147638971907,0.4386198619861986,36.0,2.0
sydney,Sídney,sydney:rockdale,Rockdale,729,726,678.3,0.934297520661157,-33.94369578986807,151.14651189009138,0.9958847736625515,0.934297520661157,8.0,30.0
sydney,Sídney,sydney:strathfield,Strathfield,171,170,171.85,1.0108823529411763,-33.86619055825244,151.08134334949145,0.9941520467836257,1.0108823529411763,7.0,31.0
sydney,Sídney,sydney:sutherland shire,Sutherland Shire,468,467,541.98,1.160556745182013,-34.04849127962193,151.14475266757756,0.9978632478632479,1.160556745182013,4.0,34.0
sydney,Sídney,sydney:sydney,Sydney,9241,9218,10797.1,1.1713061401605556,-33.88197781603166,151.20740770104322,0.9975110918731739,1.1713061401605556,3.0,35.0
sydney,Sídney,sydney:warringah,Warringah,1794,1780,738.65,0.41497191011235957,-33.76161320855071,151.28567689217,0.992196209587514,0.41497191011235957,37.0,1.0
sydney,Sídney,sydney:waverley,Waverley,5467,5447,2488.28,0.45681659629153665,-33.89112758344875,151.27044224269255,0.9963416864825315,0.45681659629153665,35.0,3.0
sydney,Sídney,sydney:willoughby,Willoughby,500,496,298.69,0.6021975806451613,-33.80150481730227,151.18909255926533,0.992,0.6021975806451613,30.0,8.0
sydney,Sídney,sydney:woollahra,Woollahra,1573,1568,762.22,0.48610969387755104,-33.88110466489181,151.24465819780644,0.9968213604577241,0.48610969387755104,34.0,4.0
tokyo,Tokio,tokyo:adachi ku,Adachi Ku,172,172,188.44,1.0955813953488371,35.778025,139.792485,1.0,1.0955813953488371,23.0,2.0
tokyo,Tokio,tokyo:arakawa ku,Arakawa Ku,279,279,436.2,1.5634408602150538,35.73233,139.77922,1.0,1.5634408602150538,18.0,7.0
tokyo,Tokio,tokyo:bunkyo ku,Bunkyo Ku,129,129,318.07,2.465658914728682,35.72175,139.76077,1.0,2.465658914728682,1.0,24.0
tokyo,Tokio,tokyo:chiyoda ku,Chiyoda Ku,198,198,274.12,1.3844444444444444,35.69546,139.773685,1.0,1.3844444444444444,21.0,4.0
tokyo,Tokio,tokyo:chuo ku,Chuo Ku,448,448,883.5,1.9720982142857142,35.674005,139.77751999999998,1.0,1.9720982142857142,10.0,15.0
tokyo,Tokio,tokyo:edogawa ku,Edogawa Ku,201,201,314.24,1.5633830845771144,35.707370000000004,139.87192,1.0,1.5633830845771144,19.0,6.0
tokyo,Tokio,tokyo:hachioji shi,Hachioji Shi,37,37,30.490000000000002,0.8240540540540541,35.65438,139.31123,1.0,0.8240540540540541,24.0,1.0
tokyo,Tokio,tokyo:itabashi ku,Itabashi Ku,237,237,433.79,1.8303375527426162,35.75462,139.69773999999998,1.0,1.8303375527426162,15.0,10.0
tokyo,Tokio,tokyo:katsushika ku,Katsushika Ku,280,280,462.98,1.6535,35.743205,139.85165,1.0,1.6535,16.0,9.0
tokyo,Tokio,tokyo:koto ku,Koto Ku,152,152,347.11,2.2836184210526316,35.685575,139.818635,1.0,2.2836184210526316,4.0,21.0
tokyo,Tokio,tokyo:meguro ku,Meguro Ku,84,84,186.60999999999999,2.2215476190476187,35.640294999999995,139.697535,1.0,2.2215476190476187,5.0,20.0
tokyo,Tokio,tokyo:minato ku,Minato Ku,551,551,908.7,1.6491833030852996,35.66033,139.73783,1.0,1.6491833030852996,17.0,8.0
tokyo,Tokio,tokyo:nakano ku,Nakano Ku,290,290,673.52,2.3224827586206898,35.70605,139.672205,1.0,2.3224827586206898,3.0,22.0
tokyo,Tokio,tokyo:nerima ku,Nerima Ku,62,62,81.35,1.3120967741935483,35.748295,139.64625999999998,1.0,1.3120967741935483,22.0,3.0
tokyo,Tokio,tokyo:ota ku,Ota Ku,598,598,909.49,1.520886287625418,35.561454999999995,139.72412,1.0,1.520886287625418,20.0,5.0
tokyo,Tokio,tokyo:setagaya ku,Setagaya Ku,305,305,621.09,2.036360655737705,35.64768,139.66263999999998,1.0,2.036360655737705,7.0,18.0
tokyo,Tokio,tokyo:shibuya ku,Shibuya Ku,854,854,2047.75,2.3978337236533958,35.664905000000005,139.694965,1.0,2.3978337236533958,2.0,23.0
tokyo,Tokio,tokyo:shinagawa ku,Shinagawa Ku,170,170,336.0,1.9764705882352942,35.614284999999995,139.72475,1.0,1.9764705882352942,9.0,16.0
tokyo,Tokio,tokyo:shinjuku ku,Shinjuku Ku,1882,1882,4039.65,2.1464665249734325,35.698765,139.704495,1.0,2.1464665249734325,6.0,19.0
tokyo,Tokio,tokyo:toshima ku,Toshima Ku,1228,1228,2489.34,2.0271498371335506,35.73328000000001,139.71385,1.0,2.0271498371335506,8.0,17.0
